DriverNumber,Driver,LapNumber,Compound,TyreLife,Sector1Time,Sector2Time,Sector3Time,LapTime
44,HAM,1.0,MEDIUM,1.0,,49.406,29.478,112.7
44,HAM,2.0,MEDIUM,2.0,31.284,49.211,29.354,109.849
44,HAM,3.0,MEDIUM,3.0,31.215,48.486,29.408,109.109
44,HAM,4.0,MEDIUM,4.0,31.754,48.605,29.449,109.808
44,HAM,5.0,MEDIUM,5.0,31.592,48.32,29.464,109.376
44,HAM,6.0,MEDIUM,6.0,31.618,48.355,29.427,109.4
44,HAM,7.0,MEDIUM,7.0,31.662,48.124,29.571,109.357
44,HAM,8.0,MEDIUM,8.0,31.646,48.515,29.505,109.666
44,HAM,9.0,MEDIUM,9.0,31.616,48.572,29.516,109.704
44,HAM,10.0,MEDIUM,10.0,31.625,48.752,29.574,109.951
44,HAM,11.0,MEDIUM,11.0,31.618,48.726,33.984,114.328
44,HAM,12.0,HARD,1.0,46.008,49.504,29.28,124.792
44,HAM,13.0,HARD,2.0,31.262,47.833,29.109,108.204
44,HAM,14.0,HARD,3.0,31.323,47.55,29.251,108.124
44,HAM,15.0,HARD,4.0,31.38,47.556,29.214,108.15
44,HAM,16.0,HARD,5.0,31.381,47.444,29.148,107.973
44,HAM,17.0,HARD,6.0,31.418,47.512,29.027,107.957
44,HAM,18.0,HARD,7.0,31.287,47.481,29.142,107.91
44,HAM,19.0,HARD,8.0,31.36,47.575,29.105,108.04
44,HAM,20.0,HARD,9.0,31.378,47.684,29.175,108.237
44,HAM,21.0,HARD,10.0,31.497,47.602,29.297,108.396
44,HAM,22.0,HARD,11.0,31.443,47.622,29.303,108.368
44,HAM,23.0,HARD,12.0,31.486,47.58,29.272,108.338
44,HAM,24.0,HARD,13.0,31.366,47.535,29.127,108.028
44,HAM,25.0,HARD,14.0,31.415,47.395,29.035,107.845
44,HAM,26.0,HARD,15.0,31.359,47.199,33.489,112.047
44,HAM,27.0,HARD,1.0,45.393,46.984,28.923,121.3
44,HAM,28.0,HARD,2.0,30.835,47.762,28.799,107.396
44,HAM,29.0,HARD,3.0,31.059,47.387,28.983,107.429
44,HAM,30.0,HARD,4.0,31.176,46.961,28.894,107.031
44,HAM,31.0,HARD,5.0,31.181,47.047,28.954,107.182
44,HAM,32.0,HARD,6.0,31.156,46.903,28.944,107.003
44,HAM,33.0,HARD,7.0,31.053,46.607,28.993,106.653
44,HAM,34.0,HARD,8.0,30.993,46.933,28.93,106.856
44,HAM,35.0,HARD,9.0,31.062,46.667,29.0,106.729
44,HAM,36.0,HARD,10.0,30.984,46.986,28.961,106.931
44,HAM,37.0,HARD,11.0,30.997,46.996,29.049,107.042
44,HAM,38.0,HARD,12.0,30.939,46.849,28.959,106.747
44,HAM,39.0,HARD,13.0,30.962,47.145,28.947,107.054
44,HAM,40.0,HARD,14.0,30.948,47.225,28.952,107.125
44,HAM,41.0,HARD,15.0,30.715,47.811,29.096,107.622
44,HAM,42.0,HARD,16.0,30.637,47.833,28.917,107.387
44,HAM,43.0,HARD,17.0,30.872,47.61,28.906,107.388
44,HAM,44.0,HARD,18.0,30.734,47.38,28.92,107.034
81,PIA,1.0,MEDIUM,1.0,,50.48,29.643,114.248
81,PIA,2.0,MEDIUM,2.0,31.056,49.48,29.628,110.164
81,PIA,3.0,MEDIUM,3.0,30.988,49.611,29.372,109.971
81,PIA,4.0,MEDIUM,4.0,30.979,49.556,29.312,109.847
81,PIA,5.0,MEDIUM,5.0,30.86,49.788,29.437,110.085
81,PIA,6.0,MEDIUM,6.0,30.986,49.68,29.297,109.963
81,PIA,7.0,MEDIUM,7.0,30.926,49.646,29.458,110.03
81,PIA,8.0,MEDIUM,8.0,31.302,49.339,29.421,110.062
81,PIA,9.0,MEDIUM,9.0,31.338,49.752,29.391,110.481
81,PIA,10.0,MEDIUM,10.0,31.234,49.389,29.422,110.045
81,PIA,11.0,MEDIUM,11.0,31.21,49.435,33.626,114.271
81,PIA,12.0,HARD,1.0,44.535,49.179,29.389,123.103
81,PIA,13.0,HARD,2.0,30.566,48.099,28.9,107.565
81,PIA,14.0,HARD,3.0,31.012,48.247,28.98,108.239
81,PIA,15.0,HARD,4.0,31.011,48.059,29.0,108.07
81,PIA,16.0,HARD,5.0,31.048,48.215,29.092,108.355
81,PIA,17.0,HARD,6.0,31.172,48.287,29.014,108.473
81,PIA,18.0,HARD,7.0,31.017,48.004,29.132,108.153
81,PIA,19.0,HARD,8.0,31.061,48.079,29.093,108.233
81,PIA,20.0,HARD,9.0,31.087,48.008,29.08,108.175
81,PIA,21.0,HARD,10.0,31.13,48.16,29.086,108.376
81,PIA,22.0,HARD,11.0,31.053,48.062,29.064,108.179
81,PIA,23.0,HARD,12.0,31.075,47.948,29.329,108.352
81,PIA,24.0,HARD,13.0,31.249,48.014,28.9,108.163
81,PIA,25.0,HARD,14.0,31.138,48.023,28.819,107.98
81,PIA,26.0,HARD,15.0,31.071,47.568,28.88,107.519
81,PIA,27.0,HARD,16.0,31.092,47.16,28.772,107.024
81,PIA,28.0,HARD,17.0,31.07,47.484,29.055,107.609
81,PIA,29.0,HARD,18.0,31.154,47.555,28.944,107.653
81,PIA,30.0,HARD,19.0,31.076,47.492,33.17,111.738
81,PIA,31.0,HARD,1.0,46.496,46.509,28.419,121.424
81,PIA,32.0,HARD,2.0,30.79,46.432,28.618,105.84
81,PIA,33.0,HARD,3.0,30.64,46.748,28.877,106.265
81,PIA,34.0,HARD,4.0,30.627,47.17,28.731,106.528
81,PIA,35.0,HARD,5.0,30.406,48.564,29.342,108.312
81,PIA,36.0,HARD,6.0,30.425,47.785,28.969,107.179
81,PIA,37.0,HARD,7.0,30.877,47.259,29.0,107.136
81,PIA,38.0,HARD,8.0,30.932,46.919,28.797,106.648
81,PIA,39.0,HARD,9.0,30.851,46.821,28.773,106.445
81,PIA,40.0,HARD,10.0,30.786,46.938,28.685,106.409
81,PIA,41.0,HARD,11.0,30.746,46.75,28.894,106.39
81,PIA,42.0,HARD,12.0,30.761,46.839,28.662,106.262
81,PIA,43.0,HARD,13.0,30.673,47.209,28.739,106.621
81,PIA,44.0,HARD,14.0,30.498,47.424,28.706,106.628
16,LEC,1.0,MEDIUM,1.0,,48.663,29.571,111.912
16,LEC,2.0,MEDIUM,2.0,31.831,48.675,29.734,110.24
16,LEC,3.0,MEDIUM,3.0,31.833,49.132,29.554,110.519
16,LEC,4.0,MEDIUM,4.0,31.592,48.778,29.426,109.796
16,LEC,5.0,MEDIUM,5.0,31.394,48.729,29.371,109.494
16,LEC,6.0,MEDIUM,6.0,31.602,48.685,29.371,109.658
16,LEC,7.0,MEDIUM,7.0,31.739,48.53,29.529,109.798
16,LEC,8.0,MEDIUM,8.0,31.537,48.569,29.443,109.549
16,LEC,9.0,MEDIUM,9.0,31.491,49.103,29.502,110.096
16,LEC,10.0,MEDIUM,10.0,31.5,48.967,29.496,109.963
16,LEC,11.0,MEDIUM,11.0,31.446,49.036,29.485,109.967
16,LEC,12.0,MEDIUM,12.0,31.591,48.648,33.852,114.091
16,LEC,13.0,HARD,1.0,45.762,47.743,29.162,122.667
16,LEC,14.0,HARD,2.0,31.152,47.939,29.136,108.227
16,LEC,15.0,HARD,3.0,31.2,47.637,29.184,108.021
16,LEC,16.0,HARD,4.0,31.302,47.552,29.128,107.982
16,LEC,17.0,HARD,5.0,31.33,47.612,29.039,107.981
16,LEC,18.0,HARD,6.0,31.109,47.724,29.138,107.971
16,LEC,19.0,HARD,7.0,31.276,47.91,29.16,108.346
16,LEC,20.0,HARD,8.0,31.248,47.886,29.145,108.279
16,LEC,21.0,HARD,9.0,31.329,47.841,29.21,108.38
16,LEC,22.0,HARD,10.0,31.272,47.988,29.096,108.356
16,LEC,23.0,HARD,11.0,31.289,47.995,29.165,108.449
16,LEC,24.0,HARD,12.0,31.377,47.965,29.102,108.444
16,LEC,25.0,HARD,13.0,31.305,47.66,33.393,112.358
16,LEC,26.0,HARD,1.0,46.201,46.74,29.031,121.972
16,LEC,27.0,HARD,2.0,31.115,46.996,28.923,107.034
16,LEC,28.0,HARD,3.0,31.157,47.005,28.877,107.039
16,LEC,29.0,HARD,4.0,31.083,47.393,29.041,107.517
16,LEC,30.0,HARD,5.0,31.143,47.25,28.918,107.311
16,LEC,31.0,HARD,6.0,31.111,47.084,28.823,107.018
16,LEC,32.0,HARD,7.0,31.025,47.077,28.962,107.064
16,LEC,33.0,HARD,8.0,31.115,46.85,29.048,107.013
16,LEC,34.0,HARD,9.0,30.976,47.041,29.006,107.023
16,LEC,35.0,HARD,10.0,30.952,48.172,29.197,108.321
16,LEC,36.0,HARD,11.0,30.983,49.263,29.043,109.289
16,LEC,37.0,HARD,12.0,30.923,47.658,29.02,107.601
16,LEC,38.0,HARD,13.0,30.968,47.255,28.919,107.142
16,LEC,39.0,HARD,14.0,31.016,47.509,29.014,107.539
16,LEC,40.0,HARD,15.0,30.97,47.295,29.089,107.354
16,LEC,41.0,HARD,16.0,31.0,47.459,29.001,107.46
16,LEC,42.0,HARD,17.0,31.007,47.312,28.897,107.216
16,LEC,43.0,HARD,18.0,31.061,47.159,28.851,107.071
16,LEC,44.0,HARD,19.0,30.976,47.052,29.033,107.061
1,VER,1.0,MEDIUM,1.0,,52.573,29.298,117.183
1,VER,2.0,MEDIUM,2.0,30.82,49.592,29.416,109.828
1,VER,3.0,MEDIUM,3.0,30.975,49.693,29.473,110.141
1,VER,4.0,MEDIUM,4.0,31.02,49.636,29.399,110.055
1,VER,5.0,MEDIUM,5.0,31.118,49.599,29.421,110.138
1,VER,6.0,MEDIUM,6.0,30.92,49.795,29.358,110.073
1,VER,7.0,MEDIUM,7.0,31.044,49.7,29.402,110.146
1,VER,8.0,MEDIUM,8.0,30.957,49.759,29.378,110.094
1,VER,9.0,MEDIUM,9.0,30.938,50.214,29.457,110.609
1,VER,10.0,MEDIUM,10.0,31.005,49.825,33.825,114.655
1,VER,11.0,HARD,1.0,45.573,48.109,29.107,122.789
1,VER,12.0,HARD,2.0,30.615,48.559,29.229,108.403
1,VER,13.0,HARD,3.0,31.082,48.239,29.11,108.431
1,VER,14.0,HARD,4.0,30.851,48.222,29.08,108.153
1,VER,15.0,HARD,5.0,30.811,48.342,29.076,108.229
1,VER,16.0,HARD,6.0,30.808,48.571,29.13,108.509
1,VER,17.0,HARD,7.0,30.753,48.584,29.094,108.431
1,VER,18.0,HARD,8.0,30.775,48.975,29.146,108.896
1,VER,19.0,HARD,9.0,30.879,48.583,29.116,108.578
1,VER,20.0,HARD,10.0,30.947,48.912,29.275,109.134
1,VER,21.0,HARD,11.0,30.823,49.246,29.204,109.273
1,VER,22.0,HARD,12.0,31.091,48.204,29.153,108.448
1,VER,23.0,HARD,13.0,31.211,48.197,29.086,108.494
1,VER,24.0,HARD,14.0,31.173,48.096,28.885,108.154
1,VER,25.0,HARD,15.0,31.127,47.886,28.908,107.921
1,VER,26.0,HARD,16.0,31.124,47.815,28.876,107.815
1,VER,27.0,HARD,17.0,31.032,47.549,28.85,107.431
1,VER,28.0,HARD,18.0,31.021,47.724,33.281,112.026
1,VER,29.0,MEDIUM,1.0,45.265,46.585,28.639,120.489
1,VER,30.0,MEDIUM,2.0,30.611,47.026,28.81,106.447
1,VER,31.0,MEDIUM,3.0,30.95,46.698,28.715,106.363
1,VER,32.0,MEDIUM,4.0,30.875,46.512,28.741,106.128
1,VER,33.0,MEDIUM,5.0,30.904,46.67,28.843,106.417
1,VER,34.0,MEDIUM,6.0,30.957,46.821,28.852,106.63
1,VER,35.0,MEDIUM,7.0,30.947,47.264,28.798,107.009
1,VER,36.0,MEDIUM,8.0,30.906,47.253,28.997,107.156
1,VER,37.0,MEDIUM,9.0,30.765,47.596,28.839,107.2
1,VER,38.0,MEDIUM,10.0,30.85,47.473,28.854,107.177
1,VER,39.0,MEDIUM,11.0,30.883,47.479,28.882,107.244
1,VER,40.0,MEDIUM,12.0,30.646,47.673,28.908,107.227
1,VER,41.0,MEDIUM,13.0,30.598,47.92,28.836,107.354
1,VER,42.0,MEDIUM,14.0,30.637,47.949,28.801,107.387
1,VER,43.0,MEDIUM,15.0,30.579,47.831,28.692,107.102
1,VER,44.0,MEDIUM,16.0,30.605,47.569,28.725,106.899
4,NOR,1.0,MEDIUM,1.0,,51.462,29.456,115.727
4,NOR,2.0,MEDIUM,2.0,30.617,50.537,29.35,110.504
4,NOR,3.0,MEDIUM,3.0,31.022,49.71,29.399,110.131
4,NOR,4.0,MEDIUM,4.0,31.154,49.553,29.305,110.012
4,NOR,5.0,MEDIUM,5.0,31.08,49.708,29.367,110.155
4,NOR,6.0,MEDIUM,6.0,31.14,49.618,29.443,110.201
4,NOR,7.0,MEDIUM,7.0,31.149,49.571,29.352,110.072
4,NOR,8.0,MEDIUM,8.0,31.058,49.891,29.349,110.298
4,NOR,9.0,MEDIUM,9.0,30.972,50.033,29.293,110.298
4,NOR,10.0,MEDIUM,10.0,31.0,50.007,29.327,110.334
4,NOR,11.0,MEDIUM,11.0,31.041,49.58,29.388,110.009
4,NOR,12.0,MEDIUM,12.0,31.329,49.153,29.242,109.724
4,NOR,13.0,MEDIUM,13.0,31.406,49.236,29.321,109.963
4,NOR,14.0,MEDIUM,14.0,31.359,48.794,29.414,109.567
4,NOR,15.0,MEDIUM,15.0,31.296,48.916,33.716,113.928
4,NOR,16.0,HARD,1.0,45.249,47.485,29.027,121.761
4,NOR,17.0,HARD,2.0,31.12,47.472,28.93,107.522
4,NOR,18.0,HARD,3.0,31.165,47.875,29.103,108.143
4,NOR,19.0,HARD,4.0,31.131,47.892,29.026,108.049
4,NOR,20.0,HARD,5.0,31.09,48.044,28.998,108.132
4,NOR,21.0,HARD,6.0,31.195,48.016,29.052,108.263
4,NOR,22.0,HARD,7.0,30.998,48.138,29.044,108.18
4,NOR,23.0,HARD,8.0,30.767,48.615,29.082,108.464
4,NOR,24.0,HARD,9.0,30.936,48.461,28.959,108.356
4,NOR,25.0,HARD,10.0,31.037,48.19,28.871,108.098
4,NOR,26.0,HARD,11.0,31.106,47.731,28.832,107.669
4,NOR,27.0,HARD,12.0,30.74,47.857,28.918,107.515
4,NOR,28.0,HARD,13.0,30.884,47.859,28.794,107.537
4,NOR,29.0,HARD,14.0,30.886,47.717,33.178,111.781
4,NOR,30.0,HARD,1.0,44.745,46.849,28.668,120.262
4,NOR,31.0,HARD,2.0,30.359,46.633,28.571,105.563
4,NOR,32.0,HARD,3.0,30.475,47.026,28.716,106.217
4,NOR,33.0,HARD,4.0,30.76,47.017,28.878,106.655
4,NOR,34.0,HARD,5.0,30.673,47.179,28.736,106.588
4,NOR,35.0,HARD,6.0,30.781,47.181,28.813,106.775
4,NOR,36.0,HARD,7.0,30.476,47.556,28.774,106.806
4,NOR,37.0,HARD,8.0,30.664,47.874,28.923,107.461
4,NOR,38.0,HARD,9.0,30.66,47.672,28.764,107.096
4,NOR,39.0,HARD,10.0,30.56,47.763,28.805,107.128
4,NOR,40.0,HARD,11.0,30.583,47.779,28.856,107.218
4,NOR,41.0,HARD,12.0,30.52,47.942,28.776,107.238
4,NOR,42.0,HARD,13.0,30.522,48.004,28.765,107.291
4,NOR,43.0,HARD,14.0,30.73,47.9,28.776,107.406
4,NOR,44.0,HARD,15.0,30.613,47.501,28.679,106.793
55,SAI,1.0,HARD,1.0,,51.338,29.464,115.27
55,SAI,2.0,HARD,2.0,31.055,49.801,29.404,110.26
55,SAI,3.0,HARD,3.0,30.969,49.737,29.407,110.113
55,SAI,4.0,HARD,4.0,31.041,49.543,29.298,109.882
55,SAI,5.0,HARD,5.0,31.077,49.786,29.374,110.237
55,SAI,6.0,HARD,6.0,31.032,49.809,29.402,110.243
55,SAI,7.0,HARD,7.0,31.067,49.609,29.301,109.977
55,SAI,8.0,HARD,8.0,31.17,49.866,29.349,110.385
55,SAI,9.0,HARD,9.0,30.91,50.0,29.386,110.296
55,SAI,10.0,HARD,10.0,31.121,49.744,29.317,110.182
55,SAI,11.0,HARD,11.0,31.276,48.955,29.291,109.522
55,SAI,12.0,HARD,12.0,31.402,48.476,29.263,109.141
55,SAI,13.0,HARD,13.0,31.44,48.476,29.332,109.248
55,SAI,14.0,HARD,14.0,31.439,48.293,29.315,109.047
55,SAI,15.0,HARD,15.0,31.341,49.638,30.173,111.152
55,SAI,16.0,HARD,16.0,31.57,48.319,29.272,109.161
55,SAI,17.0,HARD,17.0,31.428,48.172,29.231,108.831
55,SAI,18.0,HARD,18.0,31.406,48.304,29.332,109.042
55,SAI,19.0,HARD,19.0,31.396,48.403,29.253,109.052
55,SAI,20.0,HARD,20.0,31.415,48.572,33.731,113.718
55,SAI,21.0,MEDIUM,1.0,45.899,47.695,29.04,122.634
55,SAI,22.0,MEDIUM,2.0,31.414,47.443,29.071,107.928
55,SAI,23.0,MEDIUM,3.0,31.257,47.976,29.198,108.431
55,SAI,24.0,MEDIUM,4.0,31.226,47.68,28.909,107.815
55,SAI,25.0,MEDIUM,5.0,31.337,47.885,29.012,108.234
55,SAI,26.0,MEDIUM,6.0,31.182,47.561,29.007,107.75
55,SAI,27.0,MEDIUM,7.0,31.305,47.929,29.121,108.355
55,SAI,28.0,MEDIUM,8.0,31.238,47.801,33.521,112.56
55,SAI,29.0,HARD,1.0,45.692,47.007,28.911,121.61
55,SAI,30.0,HARD,2.0,31.078,46.728,28.907,106.713
55,SAI,31.0,HARD,3.0,31.063,46.77,28.814,106.647
55,SAI,32.0,HARD,4.0,31.037,47.184,28.97,107.191
55,SAI,33.0,HARD,5.0,31.087,47.006,28.994,107.087
55,SAI,34.0,HARD,6.0,30.987,47.449,28.944,107.38
55,SAI,35.0,HARD,7.0,30.946,47.165,28.901,107.012
55,SAI,36.0,HARD,8.0,30.881,47.541,28.936,107.358
55,SAI,37.0,HARD,9.0,30.909,47.732,29.081,107.722
55,SAI,38.0,HARD,10.0,30.592,47.945,29.021,107.558
55,SAI,39.0,HARD,11.0,30.575,47.633,29.112,107.32
55,SAI,40.0,HARD,12.0,31.154,47.156,28.987,107.297
55,SAI,41.0,HARD,13.0,31.141,47.209,28.876,107.226
55,SAI,42.0,HARD,14.0,31.117,46.983,28.871,106.971
55,SAI,43.0,HARD,15.0,31.076,47.013,28.824,106.913
55,SAI,44.0,HARD,16.0,30.944,46.626,28.794,106.364
11,PER,1.0,MEDIUM,1.0,,50.038,29.491,113.439
11,PER,2.0,MEDIUM,2.0,31.365,49.207,29.668,110.24
11,PER,3.0,MEDIUM,3.0,31.47,48.913,29.6,109.983
11,PER,4.0,MEDIUM,4.0,31.356,49.032,29.402,109.79
11,PER,5.0,MEDIUM,5.0,31.447,48.958,29.491,109.896
11,PER,6.0,MEDIUM,6.0,31.583,49.116,29.43,110.129
11,PER,7.0,MEDIUM,7.0,31.524,48.599,29.514,109.637
11,PER,8.0,MEDIUM,8.0,31.53,48.828,29.554,109.912
11,PER,9.0,MEDIUM,9.0,31.506,49.173,29.607,110.286
11,PER,10.0,MEDIUM,10.0,31.598,48.943,29.516,110.057
11,PER,11.0,MEDIUM,11.0,31.528,49.036,34.28,114.844
11,PER,12.0,MEDIUM,1.0,44.973,49.368,29.363,123.704
11,PER,13.0,MEDIUM,2.0,31.062,48.626,29.084,108.772
11,PER,14.0,MEDIUM,3.0,30.765,48.478,29.151,108.394
11,PER,15.0,MEDIUM,4.0,31.119,48.083,29.103,108.305
11,PER,16.0,MEDIUM,5.0,31.333,48.045,29.126,108.504
11,PER,17.0,MEDIUM,6.0,31.332,47.969,29.191,108.492
11,PER,18.0,MEDIUM,7.0,31.237,48.064,29.253,108.554
11,PER,19.0,MEDIUM,8.0,31.39,48.119,29.186,108.695
11,PER,20.0,MEDIUM,9.0,31.422,48.809,29.432,109.663
11,PER,21.0,MEDIUM,10.0,31.513,49.184,33.985,114.682
11,PER,22.0,HARD,1.0,45.499,47.097,29.235,121.831
11,PER,23.0,HARD,2.0,31.259,46.886,29.078,107.223
11,PER,24.0,HARD,3.0,31.333,47.399,29.09,107.822
11,PER,25.0,HARD,4.0,31.343,47.231,29.093,107.667
11,PER,26.0,HARD,5.0,31.404,47.52,29.124,108.048
11,PER,27.0,HARD,6.0,31.285,47.326,29.014,107.625
11,PER,28.0,HARD,7.0,31.264,47.353,29.083,107.7
11,PER,29.0,HARD,8.0,31.187,47.312,28.971,107.47
11,PER,30.0,HARD,9.0,31.169,48.727,28.982,108.878
11,PER,31.0,HARD,10.0,31.005,48.343,28.987,108.335
11,PER,32.0,HARD,11.0,31.302,47.611,29.103,108.016
11,PER,33.0,HARD,12.0,31.216,47.19,29.224,107.63
11,PER,34.0,HARD,13.0,31.16,47.778,29.279,108.217
11,PER,35.0,HARD,14.0,31.208,47.458,29.177,107.843
11,PER,36.0,HARD,15.0,31.205,47.674,29.135,108.014
11,PER,37.0,HARD,16.0,31.17,47.618,29.269,108.057
11,PER,38.0,HARD,17.0,31.147,47.455,29.181,107.783
11,PER,39.0,HARD,18.0,31.161,48.875,29.236,109.272
11,PER,40.0,HARD,19.0,31.18,47.643,29.073,107.896
11,PER,41.0,HARD,20.0,31.159,47.712,28.969,107.84
11,PER,42.0,HARD,21.0,31.201,47.601,34.064,112.866
11,PER,43.0,SOFT,1.0,45.784,47.705,30.034,123.523
11,PER,44.0,SOFT,2.0,30.808,45.309,28.584,104.701
14,ALO,1.0,MEDIUM,1.0,,51.662,29.58,116.577
14,ALO,2.0,MEDIUM,2.0,31.667,50.084,29.565,111.316
14,ALO,3.0,MEDIUM,3.0,31.078,49.535,29.591,110.204
14,ALO,4.0,MEDIUM,4.0,31.316,49.585,29.52,110.421
14,ALO,5.0,MEDIUM,5.0,31.429,49.688,29.573,110.69
14,ALO,6.0,MEDIUM,6.0,31.467,49.622,29.662,110.751
14,ALO,7.0,MEDIUM,7.0,31.576,49.485,29.717,110.778
14,ALO,8.0,MEDIUM,8.0,31.545,49.589,29.692,110.826
14,ALO,9.0,MEDIUM,9.0,31.497,50.046,29.689,111.232
14,ALO,10.0,MEDIUM,10.0,31.54,49.748,29.627,110.915
14,ALO,11.0,MEDIUM,11.0,31.508,49.482,29.692,110.682
14,ALO,12.0,MEDIUM,12.0,31.581,49.708,29.602,110.891
14,ALO,13.0,MEDIUM,13.0,31.479,49.252,33.923,114.654
14,ALO,14.0,HARD,1.0,45.406,49.311,29.276,123.993
14,ALO,15.0,HARD,2.0,31.03,49.06,29.379,109.469
14,ALO,16.0,HARD,3.0,30.791,49.427,29.322,109.54
14,ALO,17.0,HARD,4.0,30.984,49.572,29.475,110.031
14,ALO,18.0,HARD,5.0,30.984,49.51,29.468,109.962
14,ALO,19.0,HARD,6.0,30.966,49.377,29.448,109.791
14,ALO,20.0,HARD,7.0,31.622,50.156,29.432,111.21
14,ALO,21.0,HARD,8.0,31.319,49.485,29.391,110.195
14,ALO,22.0,HARD,9.0,31.457,49.062,29.413,109.932
14,ALO,23.0,HARD,10.0,31.396,48.957,29.663,110.016
14,ALO,24.0,HARD,11.0,31.375,48.714,29.264,109.353
14,ALO,25.0,HARD,12.0,31.333,48.454,29.139,108.926
14,ALO,26.0,HARD,13.0,31.436,48.577,29.241,109.254
14,ALO,27.0,HARD,14.0,31.321,48.501,29.245,109.067
14,ALO,28.0,HARD,15.0,31.257,48.534,29.249,109.04
14,ALO,29.0,HARD,16.0,31.334,48.78,29.183,109.297
14,ALO,30.0,HARD,17.0,31.28,48.376,29.216,108.872
14,ALO,31.0,HARD,18.0,31.349,48.434,29.174,108.957
14,ALO,32.0,HARD,19.0,31.334,48.364,29.223,108.921
14,ALO,33.0,HARD,20.0,31.283,48.154,29.208,108.645
14,ALO,34.0,HARD,21.0,31.199,48.504,29.276,108.979
14,ALO,35.0,HARD,22.0,31.296,48.024,29.262,108.582
14,ALO,36.0,HARD,23.0,31.214,48.203,29.31,108.727
14,ALO,37.0,HARD,24.0,31.14,48.04,29.31,108.49
14,ALO,38.0,HARD,25.0,31.132,48.124,29.158,108.414
14,ALO,39.0,HARD,26.0,31.209,48.067,29.247,108.523
14,ALO,40.0,HARD,27.0,31.195,47.94,29.143,108.278
14,ALO,41.0,HARD,28.0,31.15,48.095,29.081,108.326
14,ALO,42.0,HARD,29.0,31.085,47.814,29.152,108.051
14,ALO,43.0,HARD,30.0,31.015,48.019,29.123,108.157
14,ALO,44.0,HARD,31.0,31.029,48.007,29.032,108.068
31,OCO,1.0,MEDIUM,1.0,,52.581,29.547,117.847
31,OCO,2.0,MEDIUM,2.0,31.117,50.729,29.466,111.312
31,OCO,3.0,MEDIUM,3.0,30.889,50.158,29.471,110.518
31,OCO,4.0,MEDIUM,4.0,30.96,50.172,29.239,110.371
31,OCO,5.0,MEDIUM,5.0,30.986,50.275,29.375,110.636
31,OCO,6.0,MEDIUM,6.0,30.951,50.522,29.435,110.908
31,OCO,7.0,MEDIUM,7.0,31.073,50.511,29.511,111.095
31,OCO,8.0,MEDIUM,8.0,31.093,50.475,29.542,111.11
31,OCO,9.0,MEDIUM,9.0,31.312,50.308,29.685,111.305
31,OCO,10.0,MEDIUM,10.0,31.299,50.231,29.555,111.085
31,OCO,11.0,MEDIUM,11.0,31.279,50.214,29.439,110.932
31,OCO,12.0,MEDIUM,12.0,31.282,50.091,34.152,115.525
31,OCO,13.0,HARD,1.0,45.854,48.818,28.921,123.593
31,OCO,14.0,HARD,2.0,30.471,50.502,29.026,109.999
31,OCO,15.0,HARD,3.0,30.795,49.509,29.172,109.476
31,OCO,16.0,HARD,4.0,30.695,49.352,28.95,108.997
31,OCO,17.0,HARD,5.0,31.035,49.19,29.205,109.43
31,OCO,18.0,HARD,6.0,30.91,49.364,29.206,109.48
31,OCO,19.0,HARD,7.0,30.769,49.837,29.122,109.728
31,OCO,20.0,HARD,8.0,30.665,49.736,29.098,109.499
31,OCO,21.0,HARD,9.0,30.851,49.648,29.1,109.599
31,OCO,22.0,HARD,10.0,31.07,49.324,29.034,109.428
31,OCO,23.0,HARD,11.0,30.874,49.77,29.007,109.651
31,OCO,24.0,HARD,12.0,31.101,48.683,28.961,108.745
31,OCO,25.0,HARD,13.0,31.153,48.648,28.944,108.745
31,OCO,26.0,HARD,14.0,31.124,48.536,28.857,108.517
31,OCO,27.0,HARD,15.0,31.033,48.468,28.918,108.419
31,OCO,28.0,HARD,16.0,31.011,48.616,28.928,108.555
31,OCO,29.0,HARD,17.0,31.003,48.892,28.893,108.788
31,OCO,30.0,HARD,18.0,30.873,48.431,33.367,112.671
31,OCO,31.0,HARD,1.0,45.578,48.237,28.681,122.496
31,OCO,32.0,HARD,2.0,30.45,47.965,28.577,106.992
31,OCO,33.0,HARD,3.0,30.687,48.051,28.74,107.478
31,OCO,34.0,HARD,4.0,30.458,48.856,28.986,108.3
31,OCO,35.0,HARD,5.0,30.533,49.653,29.055,109.241
31,OCO,36.0,HARD,6.0,30.451,49.459,29.073,108.983
31,OCO,37.0,HARD,7.0,30.484,49.799,29.328,109.611
31,OCO,38.0,HARD,8.0,30.418,47.795,28.745,106.958
31,OCO,39.0,HARD,9.0,30.726,47.784,28.715,107.225
31,OCO,40.0,HARD,10.0,30.676,47.981,28.707,107.364
31,OCO,41.0,HARD,11.0,30.511,48.09,28.719,107.32
31,OCO,42.0,HARD,12.0,30.851,47.575,28.749,107.175
31,OCO,43.0,HARD,13.0,30.868,47.49,28.599,106.957
31,OCO,44.0,HARD,14.0,30.792,48.024,28.712,107.528
3,RIC,1.0,SOFT,1.0,,52.773,29.871,119.256
3,RIC,2.0,SOFT,2.0,31.293,50.578,29.67,111.541
3,RIC,3.0,SOFT,3.0,31.27,50.239,29.706,111.215
3,RIC,4.0,SOFT,4.0,31.168,49.919,29.628,110.715
3,RIC,5.0,SOFT,5.0,31.147,49.662,29.505,110.314
3,RIC,6.0,SOFT,6.0,31.081,50.1,29.779,110.96
3,RIC,7.0,SOFT,7.0,31.279,50.269,29.742,111.29
3,RIC,8.0,SOFT,8.0,31.294,50.321,33.98,115.595
3,RIC,9.0,MEDIUM,1.0,45.329,48.402,29.288,123.019
3,RIC,10.0,MEDIUM,2.0,31.317,48.84,29.532,109.689
3,RIC,11.0,MEDIUM,3.0,31.362,49.109,29.474,109.945
3,RIC,12.0,MEDIUM,4.0,31.423,49.049,29.474,109.946
3,RIC,13.0,MEDIUM,5.0,31.436,49.04,29.347,109.823
3,RIC,14.0,MEDIUM,6.0,31.368,48.753,29.35,109.471
3,RIC,15.0,MEDIUM,7.0,31.234,49.292,29.485,110.011
3,RIC,16.0,MEDIUM,8.0,31.152,49.038,29.305,109.495
3,RIC,17.0,MEDIUM,9.0,31.245,49.124,29.359,109.728
3,RIC,18.0,MEDIUM,10.0,31.1,49.388,29.485,109.973
3,RIC,19.0,MEDIUM,11.0,31.16,49.322,29.394,109.876
3,RIC,20.0,MEDIUM,12.0,31.26,49.56,29.382,110.202
3,RIC,21.0,MEDIUM,13.0,31.209,49.338,33.84,114.387
3,RIC,22.0,HARD,2.0,44.604,50.167,29.694,124.465
3,RIC,23.0,HARD,3.0,31.083,48.223,29.016,108.322
3,RIC,24.0,HARD,4.0,31.263,48.355,28.944,108.562
3,RIC,25.0,HARD,5.0,30.862,48.54,28.877,108.279
3,RIC,26.0,HARD,6.0,30.749,48.325,29.155,108.229
3,RIC,27.0,HARD,7.0,31.355,48.221,29.147,108.723
3,RIC,28.0,HARD,8.0,31.189,48.145,29.097,108.431
3,RIC,29.0,HARD,9.0,31.177,48.317,29.019,108.513
3,RIC,30.0,HARD,10.0,31.145,48.113,28.963,108.221
3,RIC,31.0,HARD,11.0,31.154,48.076,29.007,108.237
3,RIC,32.0,HARD,12.0,31.099,47.817,28.967,107.883
3,RIC,33.0,HARD,13.0,30.983,47.854,29.038,107.875
3,RIC,34.0,HARD,14.0,30.944,48.359,29.109,108.412
3,RIC,35.0,HARD,15.0,30.635,49.51,29.28,109.425
3,RIC,36.0,HARD,16.0,30.748,48.735,29.377,108.86
3,RIC,37.0,HARD,17.0,30.584,47.718,29.133,107.435
3,RIC,38.0,HARD,18.0,31.149,47.808,29.122,108.079
3,RIC,39.0,HARD,19.0,31.149,47.639,29.055,107.843
3,RIC,40.0,HARD,20.0,31.109,47.543,29.0,107.652
3,RIC,41.0,HARD,21.0,31.166,49.036,28.961,109.163
3,RIC,42.0,HARD,22.0,31.031,47.81,28.844,107.685
3,RIC,43.0,HARD,23.0,30.932,47.767,28.847,107.546
3,RIC,44.0,HARD,24.0,30.892,47.846,28.937,107.675
18,STR,1.0,MEDIUM,1.0,,52.681,29.786,119.618
18,STR,2.0,MEDIUM,2.0,30.994,51.046,29.614,111.654
18,STR,3.0,MEDIUM,3.0,31.173,50.525,29.696,111.394
18,STR,4.0,MEDIUM,4.0,31.233,50.042,29.544,110.819
18,STR,5.0,MEDIUM,5.0,31.184,49.809,29.502,110.495
18,STR,6.0,MEDIUM,6.0,31.138,50.128,29.657,110.923
18,STR,7.0,MEDIUM,7.0,31.226,50.349,29.659,111.234
18,STR,8.0,MEDIUM,8.0,31.253,50.602,29.715,111.57
18,STR,9.0,MEDIUM,9.0,31.509,50.239,29.587,111.335
18,STR,10.0,MEDIUM,10.0,31.445,50.207,29.599,111.251
18,STR,11.0,MEDIUM,11.0,31.45,49.771,29.541,110.762
18,STR,12.0,MEDIUM,12.0,31.499,49.604,34.143,115.246
18,STR,13.0,HARD,1.0,45.284,49.916,29.352,124.552
18,STR,14.0,HARD,2.0,31.04,48.791,29.363,109.194
18,STR,15.0,HARD,3.0,31.376,49.095,29.381,109.852
18,STR,16.0,HARD,4.0,31.293,49.101,29.29,109.684
18,STR,17.0,HARD,5.0,31.292,49.044,29.375,109.711
18,STR,18.0,HARD,6.0,31.319,49.082,29.409,109.81
18,STR,19.0,HARD,7.0,31.381,49.321,29.384,110.086
18,STR,20.0,HARD,8.0,31.14,50.095,29.397,110.632
18,STR,21.0,HARD,9.0,31.324,48.894,29.361,109.579
18,STR,22.0,HARD,10.0,31.391,48.894,29.222,109.507
18,STR,23.0,HARD,11.0,31.337,48.962,29.275,109.574
18,STR,24.0,HARD,12.0,31.398,49.181,29.231,109.81
18,STR,25.0,HARD,13.0,31.348,49.047,29.154,109.549
18,STR,26.0,HARD,14.0,31.299,48.98,29.249,109.528
18,STR,27.0,HARD,15.0,31.319,49.046,29.255,109.62
18,STR,28.0,HARD,16.0,31.257,48.86,29.222,109.339
18,STR,29.0,HARD,17.0,31.119,48.936,29.067,109.122
18,STR,30.0,HARD,18.0,31.163,48.652,29.034,108.849
18,STR,31.0,HARD,19.0,31.211,48.642,29.075,108.928
18,STR,32.0,HARD,20.0,31.135,48.586,29.144,108.865
18,STR,33.0,HARD,21.0,31.076,48.676,29.093,108.845
18,STR,34.0,HARD,22.0,31.103,48.861,29.171,109.135
18,STR,35.0,HARD,23.0,31.024,49.127,29.146,109.297
18,STR,36.0,HARD,24.0,31.122,48.383,29.468,108.973
18,STR,37.0,HARD,25.0,31.23,49.655,29.251,110.136
18,STR,38.0,HARD,26.0,31.194,49.413,29.096,109.703
18,STR,39.0,HARD,27.0,31.103,48.672,29.158,108.933
18,STR,40.0,HARD,28.0,31.095,48.742,29.195,109.032
18,STR,41.0,HARD,29.0,31.163,48.488,29.115,108.766
18,STR,42.0,HARD,30.0,31.108,48.674,29.057,108.839
18,STR,43.0,HARD,31.0,31.04,48.092,29.063,108.195
18,STR,44.0,HARD,32.0,31.093,48.086,28.926,108.105
23,ALB,1.0,MEDIUM,1.0,,52.352,29.753,117.321
23,ALB,2.0,MEDIUM,2.0,31.152,50.603,29.528,111.283
23,ALB,3.0,MEDIUM,3.0,30.836,49.98,29.384,110.2
23,ALB,4.0,MEDIUM,4.0,31.057,49.97,29.283,110.31
23,ALB,5.0,MEDIUM,5.0,30.919,50.405,29.399,110.723
23,ALB,6.0,MEDIUM,6.0,31.107,50.439,29.481,111.027
23,ALB,7.0,MEDIUM,7.0,31.27,50.163,29.473,110.906
23,ALB,8.0,MEDIUM,8.0,31.586,50.028,33.751,115.365
23,ALB,9.0,MEDIUM,1.0,46.125,47.911,29.155,123.191
23,ALB,10.0,MEDIUM,2.0,31.336,48.942,29.424,109.702
23,ALB,11.0,MEDIUM,3.0,31.276,49.25,29.428,109.954
23,ALB,12.0,MEDIUM,4.0,31.316,49.43,29.38,110.126
23,ALB,13.0,MEDIUM,5.0,31.319,49.687,29.369,110.375
23,ALB,14.0,MEDIUM,6.0,31.156,49.769,29.593,110.518
23,ALB,15.0,MEDIUM,7.0,30.814,49.612,29.401,109.827
23,ALB,16.0,MEDIUM,8.0,31.341,49.543,29.381,110.265
23,ALB,17.0,MEDIUM,9.0,31.291,49.463,29.29,110.044
23,ALB,18.0,MEDIUM,10.0,31.404,49.096,29.392,109.892
23,ALB,19.0,MEDIUM,11.0,31.427,49.25,29.325,110.002
23,ALB,20.0,MEDIUM,12.0,31.564,49.291,29.38,110.235
23,ALB,21.0,MEDIUM,13.0,31.467,49.075,29.264,109.806
23,ALB,22.0,MEDIUM,14.0,31.351,49.426,29.265,110.042
23,ALB,23.0,MEDIUM,15.0,31.358,49.304,33.637,114.299
23,ALB,24.0,HARD,1.0,45.518,48.864,28.777,123.159
23,ALB,25.0,HARD,2.0,30.527,48.845,28.803,108.175
23,ALB,26.0,HARD,3.0,30.884,49.271,29.017,109.172
23,ALB,27.0,HARD,4.0,30.608,48.984,28.995,108.587
23,ALB,28.0,HARD,5.0,31.158,48.669,29.052,108.879
23,ALB,29.0,HARD,6.0,31.043,48.533,28.834,108.41
23,ALB,30.0,HARD,7.0,30.989,48.247,28.913,108.149
23,ALB,31.0,HARD,8.0,31.065,48.195,28.878,108.138
23,ALB,32.0,HARD,9.0,30.989,49.043,28.977,109.009
23,ALB,33.0,HARD,10.0,30.996,48.307,29.0,108.303
23,ALB,34.0,HARD,11.0,31.042,48.243,28.93,108.215
23,ALB,35.0,HARD,12.0,30.964,48.305,29.025,108.294
23,ALB,36.0,HARD,13.0,30.995,48.758,29.179,108.932
23,ALB,37.0,HARD,14.0,30.978,48.571,29.248,108.797
23,ALB,38.0,HARD,15.0,30.689,49.331,29.085,109.105
23,ALB,39.0,HARD,16.0,30.729,49.141,29.082,108.952
23,ALB,40.0,HARD,17.0,30.624,49.378,29.095,109.097
23,ALB,41.0,HARD,18.0,30.895,48.796,29.041,108.732
23,ALB,42.0,HARD,19.0,30.606,49.29,29.002,108.898
23,ALB,43.0,HARD,20.0,30.672,48.678,28.929,108.279
23,ALB,44.0,HARD,21.0,30.635,48.639,28.722,107.996
10,GAS,1.0,MEDIUM,1.0,,52.344,29.936,118.554
10,GAS,2.0,MEDIUM,2.0,31.234,50.43,29.609,111.273
10,GAS,3.0,MEDIUM,3.0,31.371,49.771,29.615,110.757
10,GAS,4.0,MEDIUM,4.0,31.298,49.692,29.376,110.366
10,GAS,5.0,MEDIUM,5.0,31.243,49.858,29.427,110.528
10,GAS,6.0,MEDIUM,6.0,31.374,50.109,29.609,111.092
10,GAS,7.0,MEDIUM,7.0,31.678,49.864,29.607,111.149
10,GAS,8.0,MEDIUM,8.0,31.603,50.117,29.668,111.388
10,GAS,9.0,MEDIUM,9.0,31.604,50.421,33.985,116.01
10,GAS,10.0,HARD,1.0,45.688,50.009,29.129,124.826
10,GAS,11.0,HARD,2.0,31.062,49.291,29.236,109.589
10,GAS,12.0,HARD,3.0,31.086,49.386,29.308,109.78
10,GAS,13.0,HARD,4.0,30.969,49.745,29.334,110.048
10,GAS,14.0,HARD,5.0,31.043,50.253,29.337,110.633
10,GAS,15.0,HARD,6.0,31.246,49.89,29.293,110.429
10,GAS,16.0,HARD,7.0,31.077,49.706,29.33,110.113
10,GAS,17.0,HARD,8.0,31.018,49.658,29.159,109.835
10,GAS,18.0,HARD,9.0,31.233,49.358,29.46,110.051
10,GAS,19.0,HARD,10.0,31.538,49.015,29.398,109.951
10,GAS,20.0,HARD,11.0,31.552,49.021,29.31,109.883
10,GAS,21.0,HARD,12.0,31.535,49.209,29.316,110.06
10,GAS,22.0,HARD,13.0,31.486,49.065,29.402,109.953
10,GAS,23.0,HARD,14.0,31.478,48.971,29.28,109.729
10,GAS,24.0,HARD,15.0,31.401,48.943,29.164,109.508
10,GAS,25.0,HARD,16.0,31.454,48.702,29.131,109.287
10,GAS,26.0,HARD,17.0,31.441,48.657,29.238,109.336
10,GAS,27.0,HARD,18.0,31.46,48.719,29.213,109.392
10,GAS,28.0,HARD,19.0,31.403,48.692,33.62,113.715
10,GAS,29.0,HARD,1.0,45.506,48.205,28.829,122.54
10,GAS,30.0,HARD,2.0,30.577,47.872,28.969,107.418
10,GAS,31.0,HARD,3.0,31.32,47.764,29.069,108.153
10,GAS,32.0,HARD,4.0,31.209,47.868,29.136,108.213
10,GAS,33.0,HARD,5.0,31.236,47.7,29.075,108.011
10,GAS,34.0,HARD,6.0,31.175,47.647,29.068,107.89
10,GAS,35.0,HARD,7.0,31.118,47.655,29.085,107.858
10,GAS,36.0,HARD,8.0,31.14,47.919,29.182,108.241
10,GAS,37.0,HARD,9.0,31.179,47.973,29.098,108.25
10,GAS,38.0,HARD,10.0,30.822,48.681,29.05,108.553
10,GAS,39.0,HARD,11.0,30.722,48.8,29.145,108.667
10,GAS,40.0,HARD,12.0,30.884,48.636,28.987,108.507
10,GAS,41.0,HARD,13.0,30.515,48.084,28.999,107.598
10,GAS,42.0,HARD,14.0,31.257,48.131,29.01,108.398
10,GAS,43.0,HARD,15.0,30.99,48.034,28.953,107.977
10,GAS,44.0,HARD,16.0,30.737,48.294,28.865,107.896
20,MAG,1.0,MEDIUM,1.0,,53.816,29.735,120.748
20,MAG,2.0,MEDIUM,2.0,31.03,51.129,29.573,111.732
20,MAG,3.0,MEDIUM,3.0,31.019,50.715,29.58,111.314
20,MAG,4.0,MEDIUM,4.0,31.001,50.547,29.456,111.004
20,MAG,5.0,MEDIUM,5.0,30.945,50.445,29.397,110.787
20,MAG,6.0,MEDIUM,6.0,30.907,50.872,29.576,111.355
20,MAG,7.0,MEDIUM,7.0,31.142,50.545,29.59,111.277
20,MAG,8.0,MEDIUM,8.0,31.416,50.129,29.74,111.285
20,MAG,9.0,MEDIUM,9.0,31.338,50.256,29.595,111.189
20,MAG,10.0,MEDIUM,10.0,31.583,50.276,29.853,111.712
20,MAG,11.0,MEDIUM,11.0,31.447,50.031,30.442,111.92
20,MAG,12.0,MEDIUM,12.0,31.489,50.942,29.703,112.134
20,MAG,13.0,MEDIUM,13.0,31.579,49.816,29.598,110.993
20,MAG,14.0,MEDIUM,14.0,31.505,49.682,29.68,110.867
20,MAG,15.0,MEDIUM,15.0,31.56,49.516,29.667,110.743
20,MAG,16.0,MEDIUM,16.0,31.542,49.308,29.623,110.473
20,MAG,17.0,MEDIUM,17.0,31.535,49.458,33.563,114.556
20,MAG,18.0,HARD,1.0,46.199,48.886,29.297,124.382
20,MAG,19.0,HARD,2.0,31.239,48.663,29.191,109.093
20,MAG,20.0,HARD,3.0,31.284,49.316,29.357,109.957
20,MAG,21.0,HARD,4.0,30.947,50.032,29.406,110.385
20,MAG,22.0,HARD,5.0,31.076,49.736,29.377,110.189
20,MAG,23.0,HARD,6.0,31.445,48.623,29.304,109.372
20,MAG,24.0,HARD,7.0,31.422,48.515,29.271,109.208
20,MAG,25.0,HARD,8.0,31.385,48.303,29.173,108.861
20,MAG,26.0,HARD,9.0,31.27,49.518,29.115,109.903
20,MAG,27.0,HARD,10.0,31.078,49.894,29.099,110.071
20,MAG,28.0,HARD,11.0,31.251,48.584,29.135,108.97
20,MAG,29.0,HARD,12.0,31.068,48.625,29.153,108.846
20,MAG,30.0,HARD,13.0,31.105,48.247,29.117,108.469
20,MAG,31.0,HARD,14.0,30.997,49.068,29.164,109.229
20,MAG,32.0,HARD,15.0,31.009,48.371,29.244,108.624
20,MAG,33.0,HARD,16.0,31.083,48.311,29.264,108.658
20,MAG,34.0,HARD,17.0,31.08,48.288,29.154,108.522
20,MAG,35.0,HARD,18.0,30.979,48.21,29.248,108.437
20,MAG,36.0,HARD,19.0,30.982,48.389,29.33,108.701
20,MAG,37.0,HARD,20.0,31.21,48.403,29.303,108.916
20,MAG,38.0,HARD,21.0,31.093,48.455,29.194,108.742
20,MAG,39.0,HARD,22.0,31.08,48.574,29.252,108.906
20,MAG,40.0,HARD,23.0,31.01,48.412,29.194,108.616
20,MAG,41.0,HARD,24.0,31.189,49.338,29.124,109.651
20,MAG,42.0,HARD,25.0,31.166,48.501,29.202,108.869
20,MAG,43.0,HARD,26.0,31.036,48.028,29.093,108.157
20,MAG,44.0,HARD,27.0,30.979,48.058,28.811,107.848
77,BOT,1.0,MEDIUM,1.0,,53.131,29.699,118.761
77,BOT,2.0,MEDIUM,2.0,31.283,50.718,29.451,111.452
77,BOT,3.0,MEDIUM,3.0,31.13,50.359,29.596,111.085
77,BOT,4.0,MEDIUM,4.0,31.083,49.906,29.538,110.527
77,BOT,5.0,MEDIUM,5.0,31.091,49.905,29.466,110.462
77,BOT,6.0,MEDIUM,6.0,31.023,50.412,29.662,111.097
77,BOT,7.0,MEDIUM,7.0,31.215,50.371,29.593,111.179
77,BOT,8.0,MEDIUM,8.0,31.249,50.424,29.744,111.417
77,BOT,9.0,MEDIUM,9.0,31.141,50.657,29.611,111.409
77,BOT,10.0,MEDIUM,10.0,31.538,49.703,29.622,110.863
77,BOT,11.0,MEDIUM,11.0,31.516,49.744,33.966,115.226
77,BOT,12.0,HARD,1.0,45.704,48.146,29.121,122.971
77,BOT,13.0,HARD,2.0,30.759,49.381,29.233,109.373
77,BOT,14.0,HARD,3.0,30.67,51.566,29.557,111.793
77,BOT,15.0,HARD,4.0,31.367,49.183,29.331,109.881
77,BOT,16.0,HARD,5.0,31.259,49.385,29.303,109.947
77,BOT,17.0,HARD,6.0,30.989,49.589,29.597,110.175
77,BOT,18.0,HARD,7.0,31.202,49.747,29.442,110.391
77,BOT,19.0,HARD,8.0,30.895,49.203,29.222,109.32
77,BOT,20.0,HARD,9.0,31.125,49.549,29.276,109.95
77,BOT,21.0,HARD,10.0,31.127,49.52,29.334,109.981
77,BOT,22.0,HARD,11.0,31.151,49.429,29.228,109.808
77,BOT,23.0,HARD,12.0,31.119,49.432,29.336,109.887
77,BOT,24.0,HARD,13.0,31.145,49.381,29.231,109.757
77,BOT,25.0,HARD,14.0,31.32,48.92,29.22,109.46
77,BOT,26.0,HARD,15.0,31.486,48.848,29.257,109.591
77,BOT,27.0,HARD,16.0,31.367,48.733,29.3,109.4
77,BOT,28.0,HARD,17.0,31.346,48.929,29.296,109.571
77,BOT,29.0,HARD,18.0,31.306,48.766,29.285,109.357
77,BOT,30.0,HARD,19.0,31.21,48.29,29.266,108.766
77,BOT,31.0,HARD,20.0,31.345,48.383,29.215,108.943
77,BOT,32.0,HARD,21.0,31.261,48.411,29.279,108.951
77,BOT,33.0,HARD,22.0,31.294,48.247,29.263,108.804
77,BOT,34.0,HARD,23.0,31.274,48.984,29.254,109.512
77,BOT,35.0,HARD,24.0,31.152,48.362,33.77,113.284
77,BOT,36.0,MEDIUM,1.0,45.452,47.52,29.22,122.192
77,BOT,37.0,MEDIUM,2.0,30.544,47.419,29.056,107.019
77,BOT,38.0,MEDIUM,3.0,31.114,47.37,29.188,107.672
77,BOT,39.0,MEDIUM,4.0,31.153,47.556,29.068,107.777
77,BOT,40.0,MEDIUM,5.0,31.047,47.796,29.267,108.11
77,BOT,41.0,MEDIUM,6.0,31.215,48.404,29.199,108.818
77,BOT,42.0,MEDIUM,7.0,31.159,48.064,29.111,108.334
77,BOT,43.0,MEDIUM,8.0,31.103,47.769,29.017,107.889
77,BOT,44.0,MEDIUM,9.0,31.022,47.699,28.795,107.516
22,TSU,1.0,MEDIUM,1.0,,54.313,29.975,121.641
22,TSU,2.0,MEDIUM,2.0,31.466,51.188,29.737,112.391
22,TSU,3.0,MEDIUM,3.0,31.186,50.298,29.567,111.051
22,TSU,4.0,MEDIUM,4.0,31.354,49.985,29.519,110.858
22,TSU,5.0,MEDIUM,5.0,31.423,50.058,29.475,110.956
22,TSU,6.0,MEDIUM,6.0,31.458,50.234,29.626,111.318
22,TSU,7.0,MEDIUM,7.0,31.491,50.051,29.637,111.179
22,TSU,8.0,MEDIUM,8.0,31.518,50.143,29.708,111.369
22,TSU,9.0,MEDIUM,9.0,31.565,50.394,29.731,111.69
22,TSU,10.0,MEDIUM,10.0,31.6,50.157,29.757,111.514
22,TSU,11.0,MEDIUM,11.0,31.499,50.863,30.117,112.479
22,TSU,12.0,MEDIUM,12.0,31.548,50.347,29.661,111.556
22,TSU,13.0,MEDIUM,13.0,31.647,50.041,29.692,111.38
22,TSU,14.0,MEDIUM,14.0,31.394,50.011,29.712,111.117
22,TSU,15.0,MEDIUM,15.0,31.486,50.918,34.004,116.408
22,TSU,16.0,HARD,2.0,46.567,48.792,29.481,124.84
22,TSU,17.0,HARD,3.0,31.354,48.597,29.464,109.415
22,TSU,18.0,HARD,4.0,31.24,49.042,29.378,109.66
22,TSU,19.0,HARD,5.0,31.335,48.77,29.283,109.388
22,TSU,20.0,HARD,6.0,31.309,48.945,29.367,109.621
22,TSU,21.0,HARD,7.0,31.318,48.947,29.368,109.633
22,TSU,22.0,HARD,8.0,31.667,50.809,29.327,111.803
22,TSU,23.0,HARD,9.0,31.147,50.591,29.347,111.085
22,TSU,24.0,HARD,10.0,30.914,50.97,29.212,111.096
22,TSU,25.0,HARD,11.0,31.289,48.641,29.205,109.135
22,TSU,26.0,HARD,12.0,31.355,48.573,29.252,109.18
22,TSU,27.0,HARD,13.0,31.252,48.644,29.266,109.162
22,TSU,28.0,HARD,14.0,31.241,48.721,29.194,109.156
22,TSU,29.0,HARD,15.0,31.199,48.895,29.158,109.252
22,TSU,30.0,HARD,16.0,31.215,49.555,29.166,109.936
22,TSU,31.0,HARD,17.0,31.222,48.945,29.171,109.338
22,TSU,32.0,HARD,18.0,31.192,48.644,29.249,109.085
22,TSU,33.0,HARD,19.0,31.161,48.501,29.355,109.017
22,TSU,34.0,HARD,20.0,31.122,48.669,29.22,109.011
22,TSU,35.0,HARD,21.0,31.12,48.699,29.276,109.095
22,TSU,36.0,HARD,22.0,31.104,48.587,29.454,109.145
22,TSU,37.0,HARD,23.0,31.118,49.637,29.249,110.004
22,TSU,38.0,HARD,24.0,30.971,48.782,29.211,108.964
22,TSU,39.0,HARD,25.0,31.044,48.575,29.148,108.767
22,TSU,40.0,HARD,26.0,31.05,48.625,29.085,108.76
22,TSU,41.0,HARD,27.0,31.018,48.511,29.038,108.567
22,TSU,42.0,HARD,28.0,31.073,48.412,29.089,108.574
22,TSU,43.0,HARD,29.0,31.019,48.263,28.93,108.212
22,TSU,44.0,HARD,30.0,30.937,48.057,28.975,107.969
2,SAR,1.0,MEDIUM,1.0,,54.416,30.121,122.19
2,SAR,2.0,MEDIUM,2.0,31.109,51.469,29.71,112.288
2,SAR,3.0,MEDIUM,3.0,30.942,50.865,29.559,111.366
2,SAR,4.0,MEDIUM,4.0,31.074,50.261,29.437,110.772
2,SAR,5.0,MEDIUM,5.0,30.91,50.651,29.554,111.115
2,SAR,6.0,MEDIUM,6.0,31.159,50.631,29.492,111.282
2,SAR,7.0,MEDIUM,7.0,31.129,50.815,29.718,111.662
2,SAR,8.0,MEDIUM,8.0,31.514,50.196,33.926,115.636
2,SAR,9.0,MEDIUM,1.0,46.046,48.456,29.384,123.886
2,SAR,10.0,MEDIUM,2.0,31.256,48.823,29.349,109.428
2,SAR,11.0,MEDIUM,3.0,31.262,49.548,29.565,110.375
2,SAR,12.0,MEDIUM,4.0,31.282,49.554,29.366,110.202
2,SAR,13.0,MEDIUM,5.0,31.227,49.712,29.68,110.619
2,SAR,14.0,MEDIUM,6.0,31.194,50.553,29.498,111.245
2,SAR,15.0,MEDIUM,7.0,31.508,49.611,29.396,110.515
2,SAR,16.0,MEDIUM,8.0,31.404,49.613,29.439,110.456
2,SAR,17.0,MEDIUM,9.0,31.42,49.813,29.594,110.827
2,SAR,18.0,MEDIUM,10.0,31.396,49.773,29.645,110.814
2,SAR,19.0,MEDIUM,11.0,31.528,49.588,29.448,110.564
2,SAR,20.0,MEDIUM,12.0,31.587,50.107,29.575,111.269
2,SAR,21.0,MEDIUM,13.0,31.535,49.777,29.56,110.872
2,SAR,22.0,MEDIUM,14.0,31.506,52.051,29.693,113.25
2,SAR,23.0,MEDIUM,15.0,31.484,50.368,29.351,111.203
2,SAR,24.0,MEDIUM,16.0,31.386,50.397,33.93,115.713
2,SAR,25.0,HARD,1.0,46.699,48.197,28.945,123.841
2,SAR,26.0,HARD,2.0,31.209,47.936,28.937,108.082
2,SAR,27.0,HARD,3.0,31.246,48.384,29.134,108.764
2,SAR,28.0,HARD,4.0,31.291,48.608,29.235,109.134
2,SAR,29.0,HARD,5.0,31.328,48.581,29.001,108.91
2,SAR,30.0,HARD,6.0,31.244,48.369,29.046,108.659
2,SAR,31.0,HARD,7.0,31.196,48.235,29.061,108.492
2,SAR,32.0,HARD,8.0,31.151,48.184,29.178,108.513
2,SAR,33.0,HARD,9.0,31.083,48.234,29.148,108.465
2,SAR,34.0,HARD,10.0,31.135,48.195,29.089,108.419
2,SAR,35.0,HARD,11.0,31.022,48.027,29.092,108.141
2,SAR,36.0,HARD,12.0,31.071,48.094,29.208,108.373
2,SAR,37.0,HARD,13.0,31.074,48.433,29.172,108.679
2,SAR,38.0,HARD,14.0,31.094,48.435,29.038,108.567
2,SAR,39.0,HARD,15.0,31.083,48.295,29.069,108.447
2,SAR,40.0,HARD,16.0,30.954,48.445,29.108,108.507
2,SAR,41.0,HARD,17.0,30.685,48.99,29.224,108.899
2,SAR,42.0,HARD,18.0,30.705,49.158,29.182,109.045
2,SAR,43.0,HARD,19.0,30.52,48.075,28.895,107.49
2,SAR,44.0,HARD,20.0,31.021,48.123,28.977,108.121
27,HUL,1.0,MEDIUM,1.0,,53.595,29.837,120.156
27,HUL,2.0,MEDIUM,2.0,30.661,51.433,29.706,111.8
27,HUL,3.0,MEDIUM,3.0,30.941,50.656,29.637,111.234
27,HUL,4.0,MEDIUM,4.0,30.942,50.432,29.538,110.912
27,HUL,5.0,MEDIUM,5.0,31.128,50.106,29.535,110.769
27,HUL,6.0,MEDIUM,6.0,31.296,50.406,29.576,111.278
27,HUL,7.0,MEDIUM,7.0,31.418,50.197,33.905,115.52
27,HUL,8.0,HARD,1.0,46.189,49.36,29.266,124.815
27,HUL,9.0,HARD,2.0,31.106,49.154,29.374,109.634
27,HUL,10.0,HARD,3.0,30.754,49.321,29.194,109.269
27,HUL,11.0,HARD,4.0,31.187,49.257,29.283,109.727
27,HUL,12.0,HARD,5.0,31.144,49.332,29.349,109.825
27,HUL,13.0,HARD,6.0,31.164,49.345,29.296,109.805
27,HUL,14.0,HARD,7.0,30.541,50.676,29.3,110.517
27,HUL,15.0,HARD,8.0,31.185,49.425,29.374,109.984
27,HUL,16.0,HARD,9.0,31.264,50.212,29.227,110.703
27,HUL,17.0,HARD,10.0,31.138,49.794,30.034,110.966
27,HUL,18.0,HARD,11.0,30.807,50.195,29.488,110.49
27,HUL,19.0,HARD,12.0,31.527,50.448,29.428,111.403
27,HUL,20.0,HARD,13.0,31.322,49.914,33.583,114.819
27,HUL,21.0,MEDIUM,1.0,45.678,48.968,29.191,123.837
27,HUL,22.0,MEDIUM,2.0,31.17,48.837,29.286,109.293
27,HUL,23.0,MEDIUM,3.0,31.229,49.492,29.342,110.063
27,HUL,24.0,MEDIUM,4.0,31.381,49.63,29.422,110.433
27,HUL,25.0,MEDIUM,5.0,31.234,48.964,29.302,109.5
27,HUL,26.0,MEDIUM,6.0,31.179,48.742,29.307,109.228
27,HUL,27.0,MEDIUM,7.0,31.11,48.697,29.362,109.169
27,HUL,28.0,MEDIUM,8.0,31.248,48.806,29.319,109.373
27,HUL,29.0,MEDIUM,9.0,31.236,49.025,29.31,109.571
27,HUL,30.0,MEDIUM,10.0,31.241,48.918,29.453,109.612
27,HUL,31.0,MEDIUM,11.0,31.266,48.899,29.36,109.525
27,HUL,32.0,MEDIUM,12.0,31.202,48.626,29.495,109.323
27,HUL,33.0,MEDIUM,13.0,31.117,48.75,29.336,109.203
27,HUL,34.0,MEDIUM,14.0,31.2,49.588,29.506,110.294
27,HUL,35.0,MEDIUM,15.0,31.169,48.735,29.517,109.421
27,HUL,36.0,MEDIUM,16.0,31.203,49.042,29.649,109.894
27,HUL,37.0,MEDIUM,17.0,31.185,48.846,29.448,109.479
27,HUL,38.0,MEDIUM,18.0,31.139,48.904,29.363,109.406
27,HUL,39.0,MEDIUM,19.0,31.171,48.788,29.497,109.456
27,HUL,40.0,MEDIUM,20.0,31.089,48.595,29.35,109.034
27,HUL,41.0,MEDIUM,21.0,31.156,48.671,29.304,109.131
27,HUL,42.0,MEDIUM,22.0,31.026,48.768,29.28,109.074
27,HUL,43.0,MEDIUM,23.0,31.037,49.867,29.07,109.974
27,HUL,44.0,MEDIUM,24.0,31.003,48.902,29.049,108.954
24,ZHO,1.0,HARD,1.0,,53.899,29.79,121.121
24,ZHO,2.0,HARD,2.0,31.083,51.313,29.703,112.099
24,ZHO,3.0,HARD,3.0,31.343,,38.281,
24,ZHO,4.0,HARD,4.0,31.985,50.332,30.059,112.376
24,ZHO,5.0,HARD,5.0,32.293,54.9,46.44,133.633
63,RUS,1.0,MEDIUM,1.0,,51.125,29.496,114.763
63,RUS,2.0,MEDIUM,2.0,31.075,49.7,29.385,110.16
63,RUS,3.0,MEDIUM,3.0,31.005,49.742,29.265,110.012
63,RUS,4.0,MEDIUM,4.0,31.046,49.76,29.251,110.057
63,RUS,5.0,MEDIUM,5.0,31.124,49.767,29.294,110.185
63,RUS,6.0,MEDIUM,6.0,31.104,49.675,29.311,110.09
63,RUS,7.0,MEDIUM,7.0,31.383,49.201,29.328,109.912
63,RUS,8.0,MEDIUM,8.0,31.213,49.941,29.394,110.548
63,RUS,9.0,MEDIUM,9.0,31.232,49.571,29.339,110.142
63,RUS,10.0,MEDIUM,10.0,31.288,49.521,33.843,114.652
63,RUS,11.0,HARD,1.0,44.917,48.672,28.867,122.456
63,RUS,12.0,HARD,2.0,30.73,49.781,29.361,109.872
63,RUS,13.0,HARD,3.0,30.791,48.868,29.043,108.702
63,RUS,14.0,HARD,4.0,30.84,48.403,29.022,108.265
63,RUS,15.0,HARD,5.0,30.9,48.4,29.015,108.315
63,RUS,16.0,HARD,6.0,30.885,48.68,29.041,108.606
63,RUS,17.0,HARD,7.0,30.833,48.575,29.052,108.46
63,RUS,18.0,HARD,8.0,30.944,48.483,29.129,108.556
63,RUS,19.0,HARD,9.0,30.951,48.379,29.169,108.499
63,RUS,20.0,HARD,10.0,31.005,49.248,29.352,109.605
63,RUS,21.0,HARD,11.0,30.841,47.79,29.132,107.763
63,RUS,22.0,HARD,12.0,31.506,47.886,29.196,108.588
63,RUS,23.0,HARD,13.0,31.272,47.981,29.159,108.412
63,RUS,24.0,HARD,14.0,31.29,48.004,29.031,108.325
63,RUS,25.0,HARD,15.0,31.231,47.858,28.903,107.992
63,RUS,26.0,HARD,16.0,31.125,47.664,28.97,107.759
63,RUS,27.0,HARD,17.0,31.107,47.581,29.019,107.707
63,RUS,28.0,HARD,18.0,31.076,47.565,29.024,107.665
63,RUS,29.0,HARD,19.0,31.08,47.76,28.92,107.76
63,RUS,30.0,HARD,20.0,31.034,47.605,28.989,107.628
63,RUS,31.0,HARD,21.0,31.102,47.427,28.951,107.48
63,RUS,32.0,HARD,22.0,31.087,47.523,28.986,107.596
63,RUS,33.0,HARD,23.0,30.995,47.312,29.008,107.315
63,RUS,34.0,HARD,24.0,30.893,47.539,29.0,107.432
63,RUS,35.0,HARD,25.0,30.976,47.572,29.014,107.562
63,RUS,36.0,HARD,26.0,30.97,47.582,29.068,107.62
63,RUS,37.0,HARD,27.0,30.995,47.825,29.099,107.919
63,RUS,38.0,HARD,28.0,30.962,47.51,29.128,107.6
63,RUS,39.0,HARD,29.0,31.0,47.727,29.069,107.796
63,RUS,40.0,HARD,30.0,30.989,47.555,29.087,107.631
63,RUS,41.0,HARD,31.0,30.926,47.796,29.032,107.754
63,RUS,42.0,HARD,32.0,31.014,47.525,28.926,107.465
63,RUS,43.0,HARD,33.0,30.99,47.479,28.832,107.301
63,RUS,44.0,HARD,34.0,30.99,47.172,28.951,107.113
